permissions_count,data_collection_level,third_party_sharing,advertising_tracking,encryption,mfa,secure_server,data_deletion_option,privacy_score,risk_level,privacy_category
3,3,0,0,1,1,1,1,74.88,Low,Highly Secure
12,2,1,1,1,1,0,0,36.37,High,Privacy Risky
11,3,1,0,0,1,0,0,30.05,High,Privacy Risky
8,3,1,1,1,1,0,1,45.55,Medium,Moderately Secure
8,2,0,1,1,0,0,1,56.81,Low,Highly Secure
14,3,1,0,1,0,1,0,34.77,High,Privacy Risky
3,2,0,0,0,0,1,0,57.58,Low,Highly Secure
11,3,1,1,1,1,0,1,38.36,High,Privacy Risky
4,1,0,1,0,0,0,0,43.2,Medium,Moderately Secure
3,3,0,1,1,0,1,1,57.22,Low,Highly Secure
9,2,1,1,0,0,1,1,34.03,High,Privacy Risky
15,3,0,1,0,1,0,1,31.48,High,Privacy Risky
12,2,1,1,1,1,1,0,38.53,High,Privacy Risky
12,3,1,0,1,1,0,0,29.55,High,Privacy Risky
12,1,0,1,1,1,0,1,49.03,Medium,Moderately Secure
13,1,0,0,0,0,0,0,36.2,High,Privacy Risky
9,2,1,0,1,0,1,1,42.07,Medium,Moderately Secure
3,3,0,0,0,0,0,0,45.1,Medium,Moderately Secure
13,3,0,0,1,1,0,1,39.48,Medium,Moderately Secure
8,2,0,0,1,1,0,0,58.06,Low,Highly Secure
9,2,0,1,1,0,0,1,57.86,Low,Highly Secure
7,2,1,0,1,0,1,1,51.31,Medium,Moderately Secure
4,3,0,0,1,0,0,0,46.38,Medium,Moderately Secure
14,2,1,0,1,1,0,0,29.99,High,Privacy Risky
12,2,0,1,0,0,1,0,29.18,High,Privacy Risky
11,3,1,1,0,1,1,0,28.23,High,Privacy Risky
7,1,0,1,0,0,0,0,48.3,Medium,Moderately Secure
13,3,0,0,1,1,1,0,40.08,Medium,Moderately Secure
9,1,1,1,1,1,1,1,53.81,Low,Highly Secure
8,1,0,1,0,0,1,1,55.9,Low,Highly Secure
8,3,0,0,0,1,1,0,39.73,Medium,Moderately Secure
5,3,1,1,0,1,1,0,44.44,Medium,Moderately Secure
3,3,0,0,0,1,0,0,55.6,Low,Highly Secure
9,3,0,1,0,1,0,1,30.05,High,Privacy Risky
14,2,0,1,1,0,0,0,24.75,High,Privacy Risky
2,2,1,0,1,0,0,0,54.67,Low,Highly Secure
14,1,1,1,0,1,1,0,30.0,High,Privacy Risky
13,1,1,0,0,0,0,1,32.1,High,Privacy Risky
5,1,1,0,1,0,0,0,68.7,Low,Highly Secure
10,1,0,1,1,0,1,1,61.45,Low,Highly Secure
4,2,0,1,1,0,1,0,57.14,Low,Highly Secure
12,3,0,1,0,0,1,0,27.84,High,Privacy Risky
11,3,0,1,0,0,0,0,21.16,High,Privacy Risky
6,2,0,0,0,1,0,0,44.8,Medium,Moderately Secure
2,3,1,1,1,1,1,1,61.37,Low,Highly Secure
15,3,1,1,1,0,0,0,19.54,High,Privacy Risky
8,3,1,1,1,0,0,0,26.31,High,Privacy Risky
14,2,1,1,0,1,1,0,27.66,High,Privacy Risky
11,1,1,1,0,0,0,1,33.12,High,Privacy Risky
12,3,0,1,1,0,1,0,35.24,High,Privacy Risky
12,1,1,0,1,0,0,1,29.41,High,Privacy Risky
4,2,1,0,1,0,1,1,72.99,Low,Highly Secure
7,1,0,0,0,0,1,1,62.21,Low,Highly Secure
8,3,0,1,0,0,1,1,40.41,Medium,Moderately Secure
8,2,1,1,0,1,0,1,44.26,Medium,Moderately Secure
2,1,0,0,1,1,1,0,73.87,Low,Highly Secure
9,1,1,1,1,0,1,1,44.55,Medium,Moderately Secure
4,2,1,1,1,1,1,1,61.44,Low,Highly Secure
12,2,0,0,0,1,0,0,40.3,Medium,Moderately Secure
11,3,0,0,1,0,0,0,36.31,High,Privacy Risky
14,1,0,1,0,0,0,1,34.97,High,Privacy Risky
12,3,0,0,1,1,0,1,46.92,Medium,Moderately Secure
7,2,0,1,1,0,1,1,57.53,Low,Highly Secure
15,3,1,1,1,0,1,0,16.8,High,Privacy Risky
7,1,0,1,1,0,1,0,51.83,Medium,Moderately Secure
6,1,0,0,1,0,1,1,77.25,Low,Highly Secure
14,1,0,1,0,0,1,0,39.83,Medium,Moderately Secure
7,2,1,0,0,0,0,1,50.55,Medium,Moderately Secure
3,3,0,0,1,0,0,1,53.74,Low,Highly Secure
8,1,0,0,1,1,1,0,64.83,Low,Highly Secure
13,2,1,0,0,0,0,1,23.92,High,Privacy Risky
4,1,0,0,1,1,0,0,78.46,Low,Highly Secure
8,3,0,1,0,1,1,0,30.45,High,Privacy Risky
3,3,0,0,1,1,1,0,68.73,Low,Highly Secure
11,3,0,1,0,1,0,1,34.61,High,Privacy Risky
8,3,0,0,1,0,0,1,43.0,Medium,Moderately Secure
6,2,1,0,0,0,0,0,42.04,Medium,Moderately Secure
5,3,0,1,0,0,1,1,50.19,Medium,Moderately Secure
9,1,0,1,1,1,1,1,63.96,Low,Highly Secure
11,3,0,1,1,1,1,1,31.31,High,Privacy Risky
15,3,1,1,0,1,1,1,21.7,High,Privacy Risky
8,3,1,0,1,0,0,1,29.8,High,Privacy Risky
4,2,0,0,0,0,1,1,52.99,Low,Highly Secure
13,3,0,1,0,1,0,1,29.08,High,Privacy Risky
10,2,0,1,0,1,0,0,43.79,Medium,Moderately Secure
11,1,0,0,0,1,1,0,45.65,Medium,Moderately Secure
3,3,0,0,1,0,1,0,67.2,Low,Highly Secure
6,1,0,1,1,0,0,1,49.73,Medium,Moderately Secure
12,1,1,1,0,0,0,1,28.8,High,Privacy Risky
13,2,0,0,0,1,0,1,58.6,Low,Highly Secure
8,1,0,0,1,0,1,0,61.49,Low,Highly Secure
13,3,0,1,1,1,1,0,34.27,High,Privacy Risky
13,2,1,0,0,0,0,0,22.36,High,Privacy Risky
7,1,1,0,0,0,0,1,41.68,Medium,Moderately Secure
14,3,0,0,0,0,0,0,26.51,High,Privacy Risky
6,2,0,1,0,1,0,0,54.36,Low,Highly Secure
5,1,1,0,1,1,0,1,65.48,Low,Highly Secure
11,3,1,0,1,1,0,0,33.71,High,Privacy Risky
10,2,0,0,1,1,0,1,58.94,Low,Highly Secure
3,1,1,1,1,0,1,1,55.02,Low,Highly Secure
13,3,1,0,0,0,1,0,25.21,High,Privacy Risky
4,2,0,0,1,1,0,0,61.85,Low,Highly Secure
13,3,1,0,1,0,1,0,27.44,High,Privacy Risky
2,3,0,1,1,0,0,0,59.33,Low,Highly Secure
13,2,0,1,0,1,1,0,44.49,Medium,Moderately Secure
13,3,0,1,1,1,0,0,32.97,High,Privacy Risky
12,1,0,0,0,0,1,0,30.99,High,Privacy Risky
11,1,1,1,1,1,0,1,43.37,Medium,Moderately Secure
8,2,0,0,1,1,1,0,70.74,Low,Highly Secure
11,3,0,1,1,1,0,1,62.26,Low,Highly Secure
5,2,0,0,1,1,1,1,68.39,Low,Highly Secure
12,2,1,1,1,0,0,0,26.27,High,Privacy Risky
9,3,1,1,0,0,1,1,22.67,High,Privacy Risky
8,3,1,0,1,1,0,0,45.72,Medium,Moderately Secure
9,3,0,1,1,0,1,1,43.89,Medium,Moderately Secure
9,1,1,0,0,0,0,0,30.51,High,Privacy Risky
2,3,1,0,0,1,1,1,59.54,Low,Highly Secure
3,2,1,0,0,0,1,1,56.38,Low,Highly Secure
5,2,0,1,1,1,1,1,67.49,Low,Highly Secure
3,2,1,0,1,0,0,0,47.05,Medium,Moderately Secure
8,1,0,1,1,0,0,1,55.18,Low,Highly Secure
11,1,0,1,1,1,0,1,49.63,Medium,Moderately Secure
11,2,0,1,1,1,1,1,57.46,Low,Highly Secure
8,3,0,1,1,0,1,1,56.22,Low,Highly Secure
13,3,0,0,0,0,0,0,11.55,High,Privacy Risky
9,1,0,1,0,0,1,0,47.95,Medium,Moderately Secure
3,3,0,0,0,0,0,1,54.65,Low,Highly Secure
12,1,1,1,1,1,1,1,50.31,Medium,Moderately Secure
10,3,0,0,0,0,0,1,35.66,High,Privacy Risky
10,2,1,1,0,0,0,1,30.62,High,Privacy Risky
9,2,1,1,0,0,0,1,30.55,High,Privacy Risky
9,3,1,1,1,0,0,1,32.41,High,Privacy Risky
3,2,1,0,1,1,0,0,56.2,Low,Highly Secure
9,3,0,1,1,0,0,0,49.04,Medium,Moderately Secure
13,2,1,0,0,1,0,0,16.46,High,Privacy Risky
6,3,1,0,1,0,0,1,44.74,Medium,Moderately Secure
10,2,0,0,1,0,1,1,51.58,Medium,Moderately Secure
2,1,0,1,1,1,0,1,83.34,Low,Highly Secure
6,3,1,1,0,0,0,0,27.67,High,Privacy Risky
8,2,0,1,0,0,1,1,50.52,Medium,Moderately Secure
15,2,0,0,1,0,1,1,35.38,High,Privacy Risky
5,1,1,0,0,0,0,1,53.89,Low,Highly Secure
5,1,1,1,1,1,1,0,54.4,Low,Highly Secure
7,2,0,0,1,1,1,0,66.39,Low,Highly Secure
15,1,1,0,0,0,1,0,30.59,High,Privacy Risky
13,3,0,1,1,1,0,1,40.58,Medium,Moderately Secure
2,3,1,0,0,1,0,1,43.86,Medium,Moderately Secure
5,3,1,1,1,1,0,1,59.19,Low,Highly Secure
13,3,0,1,0,0,1,0,31.49,High,Privacy Risky
2,2,0,1,0,1,1,0,72.08,Low,Highly Secure
13,1,1,1,0,0,1,1,39.62,Medium,Moderately Secure
5,2,0,1,0,1,1,0,58.71,Low,Highly Secure
14,2,0,1,1,1,0,1,52.76,Low,Highly Secure
6,3,0,0,0,0,0,0,43.11,Medium,Moderately Secure
8,1,1,0,0,0,1,1,61.24,Low,Highly Secure
11,2,0,0,0,1,1,1,58.23,Low,Highly Secure
3,2,1,1,0,0,0,1,36.15,High,Privacy Risky
9,1,1,1,0,1,0,0,34.92,High,Privacy Risky
9,1,0,0,1,1,1,1,69.1,Low,Highly Secure
12,2,1,1,1,0,0,1,37.81,High,Privacy Risky
15,1,1,0,0,0,0,1,38.01,High,Privacy Risky
11,1,0,1,1,0,1,0,54.64,Low,Highly Secure
7,2,1,1,1,0,0,1,42.82,Medium,Moderately Secure
7,1,0,1,0,0,0,0,38.16,High,Privacy Risky
7,2,0,0,1,0,1,0,50.07,Medium,Moderately Secure
13,1,0,0,0,1,0,1,44.79,Medium,Moderately Secure
6,1,1,1,0,0,1,1,52.64,Low,Highly Secure
4,2,1,1,0,1,0,0,41.97,Medium,Moderately Secure
6,3,0,1,0,1,0,0,42.34,Medium,Moderately Secure
2,2,1,0,1,1,0,1,66.7,Low,Highly Secure
3,3,1,0,1,1,1,1,50.11,Medium,Moderately Secure
3,2,1,0,0,0,0,0,53.22,Low,Highly Secure
12,2,1,1,1,1,1,1,45.27,Medium,Moderately Secure
12,2,0,0,1,0,0,1,38.24,High,Privacy Risky
11,3,1,0,1,0,0,1,41.91,Medium,Moderately Secure
8,3,0,0,1,0,1,0,51.21,Medium,Moderately Secure
12,3,0,1,1,1,1,1,49.65,Medium,Moderately Secure
4,3,0,1,0,1,1,1,57.31,Low,Highly Secure
14,2,1,1,1,1,0,1,44.0,Medium,Moderately Secure
9,2,1,0,1,1,0,1,46.73,Medium,Moderately Secure
15,3,0,0,1,0,1,0,28.14,High,Privacy Risky
4,1,0,0,1,1,0,0,66.73,Low,Highly Secure
8,2,0,0,0,0,0,0,45.66,Medium,Moderately Secure
11,3,1,1,0,1,1,0,25.59,High,Privacy Risky
8,2,0,1,0,0,1,0,45.84,Medium,Moderately Secure
8,1,1,1,0,1,0,0,41.54,Medium,Moderately Secure
4,2,0,0,1,0,1,1,55.03,Low,Highly Secure
7,1,0,0,1,1,1,1,73.98,Low,Highly Secure
5,3,1,1,1,0,0,1,48.01,Medium,Moderately Secure
6,3,0,0,1,0,1,1,56.6,Low,Highly Secure
11,1,0,0,1,1,1,0,68.04,Low,Highly Secure
10,2,0,0,1,0,0,0,51.11,Medium,Moderately Secure
10,3,1,0,1,0,0,0,35.45,High,Privacy Risky
7,3,0,1,1,0,0,0,41.78,Medium,Moderately Secure
15,1,0,1,1,0,1,0,33.42,High,Privacy Risky
3,2,0,0,0,0,0,1,53.76,Low,Highly Secure
6,2,1,1,1,1,0,1,48.47,Medium,Moderately Secure
3,2,1,0,1,0,0,1,63.05,Low,Highly Secure
6,1,1,0,1,0,0,0,53.19,Low,Highly Secure
15,1,0,0,0,0,0,1,35.72,High,Privacy Risky
7,3,1,1,0,1,1,1,44.63,Medium,Moderately Secure
14,1,0,1,0,1,1,0,42.08,Medium,Moderately Secure
8,1,1,1,1,0,0,0,37.72,High,Privacy Risky
11,1,1,0,1,0,0,1,47.26,Medium,Moderately Secure
8,1,1,0,1,0,0,0,44.21,Medium,Moderately Secure
5,1,1,1,1,1,1,1,55.4,Low,Highly Secure
12,2,1,0,0,1,1,0,36.24,High,Privacy Risky
15,3,0,0,1,1,1,0,31.95,High,Privacy Risky
5,1,1,1,1,0,1,1,54.74,Low,Highly Secure
12,1,1,1,0,1,0,0,39.76,Medium,Moderately Secure
5,1,1,0,1,0,0,0,58.74,Low,Highly Secure
12,2,1,0,0,1,0,0,35.06,High,Privacy Risky
13,1,0,1,1,1,1,0,55.52,Low,Highly Secure
8,3,1,0,1,0,0,1,40.07,Medium,Moderately Secure
12,2,0,0,1,1,0,0,42.72,Medium,Moderately Secure
5,3,1,0,1,1,1,0,44.47,Medium,Moderately Secure
3,2,1,0,0,0,1,1,51.93,Low,Highly Secure
3,2,0,1,1,0,0,1,62.55,Low,Highly Secure
8,3,1,1,1,0,1,0,46.08,Medium,Moderately Secure
14,2,1,1,1,1,1,1,39.1,High,Privacy Risky
3,3,1,0,1,0,1,0,49.32,Medium,Moderately Secure
8,3,0,0,0,0,1,1,44.47,Medium,Moderately Secure
11,2,0,1,1,1,0,1,36.72,High,Privacy Risky
4,3,1,0,0,0,1,1,38.07,High,Privacy Risky
12,1,1,1,1,0,1,0,32.18,High,Privacy Risky
6,3,1,1,0,1,1,0,42.76,Medium,Moderately Secure
13,3,1,0,0,1,1,1,36.14,High,Privacy Risky
10,3,0,1,0,1,1,1,43.56,Medium,Moderately Secure
9,1,1,1,1,0,1,0,48.11,Medium,Moderately Secure
4,3,0,0,0,0,1,0,45.15,Medium,Moderately Secure
8,2,1,1,0,0,1,0,29.58,High,Privacy Risky
13,1,1,0,1,1,1,1,59.53,Low,Highly Secure
2,1,1,1,0,0,0,0,38.33,High,Privacy Risky
12,2,1,1,0,0,1,1,28.52,High,Privacy Risky
8,1,0,0,0,1,0,1,69.89,Low,Highly Secure
12,1,0,1,0,1,1,1,51.08,Medium,Moderately Secure
11,2,0,0,1,1,1,0,52.1,Low,Highly Secure
8,2,1,1,1,0,1,1,39.69,Medium,Moderately Secure
6,1,0,1,1,1,1,1,73.58,Low,Highly Secure
10,3,1,1,0,0,0,0,11.15,High,Privacy Risky
3,3,0,1,0,1,0,1,51.8,Medium,Moderately Secure
10,2,0,0,0,0,1,1,55.28,Low,Highly Secure
3,3,0,1,0,1,1,1,66.7,Low,Highly Secure
11,2,0,0,1,0,1,1,46.14,Medium,Moderately Secure
10,1,0,1,1,1,1,0,49.59,Medium,Moderately Secure
3,1,0,0,0,0,1,1,66.55,Low,Highly Secure
12,3,1,1,1,1,0,1,23.55,High,Privacy Risky
7,3,1,0,1,0,0,0,29.23,High,Privacy Risky
13,3,1,1,0,0,1,1,16.79,High,Privacy Risky
2,1,0,0,1,0,1,0,77.92,Low,Highly Secure
4,1,1,1,0,1,1,1,48.94,Medium,Moderately Secure
8,1,1,0,0,0,1,1,45.79,Medium,Moderately Secure
4,1,1,0,1,0,1,0,61.76,Low,Highly Secure
6,1,0,0,1,1,1,0,74.72,Low,Highly Secure
11,2,1,0,0,0,1,0,28.89,High,Privacy Risky
4,1,1,1,1,0,0,1,65.22,Low,Highly Secure
11,3,0,0,1,1,1,0,43.51,Medium,Moderately Secure
3,2,0,0,1,1,1,1,82.93,Low,Highly Secure
4,1,1,0,0,1,0,0,51.12,Medium,Moderately Secure
10,2,0,0,1,1,1,1,65.18,Low,Highly Secure
13,3,0,1,1,0,1,1,38.96,High,Privacy Risky
4,1,1,1,1,0,1,0,58.82,Low,Highly Secure
6,1,0,0,1,0,0,1,65.59,Low,Highly Secure
14,1,0,1,1,1,1,1,42.79,Medium,Moderately Secure
15,3,0,1,1,1,0,0,20.32,High,Privacy Risky
10,1,1,1,1,0,1,0,39.11,High,Privacy Risky
8,2,0,1,1,1,1,1,61.31,Low,Highly Secure
6,2,1,1,0,0,1,0,30.95,High,Privacy Risky
10,3,0,0,0,0,1,0,28.36,High,Privacy Risky
10,1,1,1,1,1,0,1,54.07,Low,Highly Secure
6,3,1,0,1,1,1,1,56.43,Low,Highly Secure
2,3,1,0,1,1,1,0,69.59,Low,Highly Secure
4,2,1,1,0,1,0,0,35.32,High,Privacy Risky
15,1,0,0,1,1,0,0,33.51,High,Privacy Risky
7,3,1,1,0,1,0,1,35.15,High,Privacy Risky
8,1,1,1,0,0,1,0,50.66,Medium,Moderately Secure
8,2,1,1,0,0,1,1,34.11,High,Privacy Risky
12,2,1,0,0,1,1,1,46.73,Medium,Moderately Secure
2,1,1,0,1,0,1,1,73.82,Low,Highly Secure
3,2,0,0,1,0,0,1,61.25,Low,Highly Secure
5,1,0,1,0,0,1,1,57.45,Low,Highly Secure
8,1,0,0,1,0,0,0,57.19,Low,Highly Secure
11,1,0,1,0,1,0,0,45.62,Medium,Moderately Secure
8,1,1,0,0,0,0,0,37.03,High,Privacy Risky
8,2,1,0,1,0,0,1,48.06,Medium,Moderately Secure
15,3,0,0,0,1,1,1,44.08,Medium,Moderately Secure
4,1,0,0,1,0,1,0,70.09,Low,Highly Secure
10,1,1,0,0,0,1,0,36.6,High,Privacy Risky
9,1,1,0,0,0,0,1,42.77,Medium,Moderately Secure
8,2,1,1,1,1,0,1,55.87,Low,Highly Secure
13,1,1,1,1,0,0,0,23.59,High,Privacy Risky
5,2,1,1,0,1,1,1,67.79,Low,Highly Secure
15,1,1,0,0,0,0,1,31.41,High,Privacy Risky
6,1,0,0,1,1,0,1,75.29,Low,Highly Secure
9,2,1,1,0,0,1,0,28.68,High,Privacy Risky
9,2,0,1,0,1,1,1,47.8,Medium,Moderately Secure
13,2,0,1,1,0,1,1,36.6,High,Privacy Risky
8,3,0,0,0,1,0,1,51.63,Medium,Moderately Secure
5,2,0,0,1,0,1,0,56.3,Low,Highly Secure
2,3,0,1,0,0,0,1,46.99,Medium,Moderately Secure
7,2,1,1,1,0,1,1,58.11,Low,Highly Secure
13,1,1,1,1,0,0,0,18.07,High,Privacy Risky
2,1,0,1,0,0,1,1,74.19,Low,Highly Secure
14,1,1,0,0,1,1,0,34.39,High,Privacy Risky
9,2,0,1,0,0,1,1,41.92,Medium,Moderately Secure
3,1,0,1,1,0,0,1,64.24,Low,Highly Secure
6,3,1,1,1,1,0,1,48.58,Medium,Moderately Secure
9,2,0,1,1,0,1,0,41.0,Medium,Moderately Secure
6,3,1,0,0,0,1,0,44.65,Medium,Moderately Secure
3,3,1,1,0,0,0,1,37.76,High,Privacy Risky
11,2,0,0,1,0,0,0,45.1,Medium,Moderately Secure
11,1,0,1,1,0,0,1,52.71,Low,Highly Secure
3,3,1,0,1,0,0,1,47.74,Medium,Moderately Secure
5,1,1,1,0,0,0,1,38.62,High,Privacy Risky
5,1,1,1,0,1,0,1,54.15,Low,Highly Secure
11,3,0,0,0,0,0,0,23.12,High,Privacy Risky
12,2,0,0,0,1,0,1,44.42,Medium,Moderately Secure
12,1,1,1,0,1,1,0,41.47,Medium,Moderately Secure
15,2,1,0,1,0,0,1,32.0,High,Privacy Risky
12,2,0,1,0,0,0,1,34.42,High,Privacy Risky
6,3,1,1,1,1,0,1,49.8,Medium,Moderately Secure
3,3,1,1,1,1,1,0,48.61,Medium,Moderately Secure
10,1,0,0,1,0,0,1,54.54,Low,Highly Secure
14,1,0,0,1,1,0,1,63.87,Low,Highly Secure
15,2,1,1,0,1,0,1,34.39,High,Privacy Risky
5,1,1,1,1,0,0,1,50.36,Medium,Moderately Secure
5,1,0,1,0,0,0,1,58.74,Low,Highly Secure
2,1,0,0,1,1,0,1,78.36,Low,Highly Secure
3,1,1,1,1,0,1,1,57.72,Low,Highly Secure
9,3,0,1,1,1,0,1,55.44,Low,Highly Secure
9,1,1,1,0,0,0,1,45.05,Medium,Moderately Secure
7,1,1,0,0,1,1,0,41.93,Medium,Moderately Secure
6,3,1,1,0,0,1,0,27.88,High,Privacy Risky
13,1,0,1,0,0,1,0,38.17,High,Privacy Risky
8,3,0,0,1,0,0,1,53.83,Low,Highly Secure
13,1,0,1,0,0,0,1,39.59,Medium,Moderately Secure
15,1,1,1,0,1,0,0,31.6,High,Privacy Risky
6,1,0,0,1,0,1,0,58.4,Low,Highly Secure
4,3,0,1,0,1,0,1,55.48,Low,Highly Secure
15,2,0,1,1,1,1,0,33.34,High,Privacy Risky
10,2,0,1,0,0,1,0,38.49,High,Privacy Risky
6,1,0,0,0,1,1,0,69.2,Low,Highly Secure
10,1,1,1,1,1,0,1,51.62,Medium,Moderately Secure
9,2,1,1,1,1,1,0,60.18,Low,Highly Secure
14,1,0,0,1,0,0,0,41.99,Medium,Moderately Secure
5,2,0,1,1,1,1,1,68.67,Low,Highly Secure
15,3,0,0,0,1,1,0,26.31,High,Privacy Risky
15,3,1,0,1,1,1,0,41.87,Medium,Moderately Secure
4,2,0,1,0,0,0,1,42.87,Medium,Moderately Secure
4,1,1,0,1,1,1,1,67.43,Low,Highly Secure
9,1,0,0,0,0,0,0,36.7,High,Privacy Risky
2,3,0,0,1,0,0,0,55.42,Low,Highly Secure
6,2,1,1,0,0,0,0,24.73,High,Privacy Risky
8,2,1,0,1,1,1,1,66.6,Low,Highly Secure
15,2,1,1,1,1,1,1,33.04,High,Privacy Risky
15,1,1,1,1,0,0,0,29.92,High,Privacy Risky
4,3,1,1,1,1,1,1,65.1,Low,Highly Secure
14,3,1,1,0,0,1,1,25.57,High,Privacy Risky
3,3,0,0,0,0,0,0,45.12,Medium,Moderately Secure
12,3,0,0,1,1,1,0,50.57,Medium,Moderately Secure
13,1,0,1,0,1,1,1,46.33,Medium,Moderately Secure
14,1,0,1,0,1,0,1,52.21,Low,Highly Secure
5,1,0,1,0,1,0,1,73.6,Low,Highly Secure
14,3,0,0,1,0,1,0,26.02,High,Privacy Risky
3,2,0,0,0,1,0,0,52.65,Low,Highly Secure
9,2,1,1,0,0,1,0,35.93,High,Privacy Risky
8,3,0,1,1,1,0,0,43.87,Medium,Moderately Secure
6,2,1,0,0,0,0,0,29.89,High,Privacy Risky
2,3,0,1,0,0,0,0,39.58,Medium,Moderately Secure
12,3,1,1,0,0,1,1,22.19,High,Privacy Risky
6,1,1,0,1,1,1,1,61.44,Low,Highly Secure
11,2,0,1,0,0,1,1,44.38,Medium,Moderately Secure
7,3,0,0,1,1,0,1,57.07,Low,Highly Secure
7,3,1,0,0,1,1,0,40.07,Medium,Moderately Secure
14,1,1,0,0,0,1,1,37.72,High,Privacy Risky
3,1,0,1,0,1,0,0,61.35,Low,Highly Secure
12,2,1,1,0,0,1,1,28.7,High,Privacy Risky
12,3,1,1,0,0,0,1,17.69,High,Privacy Risky
7,1,0,1,0,1,1,0,61.88,Low,Highly Secure
5,2,0,0,0,0,1,1,53.27,Low,Highly Secure
2,1,0,0,1,0,0,1,79.18,Low,Highly Secure
15,1,1,0,1,0,0,0,31.76,High,Privacy Risky
15,2,1,1,1,1,1,0,33.1,High,Privacy Risky
5,2,1,1,1,0,0,1,44.71,Medium,Moderately Secure
2,2,1,1,1,0,0,0,60.14,Low,Highly Secure
3,1,0,0,1,1,0,1,72.63,Low,Highly Secure
2,3,0,0,1,0,1,0,64.39,Low,Highly Secure
13,1,0,0,0,1,0,1,41.22,Medium,Moderately Secure
14,3,0,0,1,0,0,0,32.04,High,Privacy Risky
4,1,1,0,0,1,1,0,58.85,Low,Highly Secure
12,3,1,1,1,1,0,1,21.02,High,Privacy Risky
4,2,0,1,1,0,1,0,58.51,Low,Highly Secure
7,2,1,0,0,0,1,1,37.65,High,Privacy Risky
10,1,1,0,0,1,1,0,45.35,Medium,Moderately Secure
12,3,0,1,0,1,0,0,24.9,High,Privacy Risky
14,1,1,0,0,0,1,1,35.64,High,Privacy Risky
2,2,1,0,1,1,1,0,59.48,Low,Highly Secure
4,3,1,1,1,0,0,0,41.08,Medium,Moderately Secure
5,3,1,1,1,1,0,1,53.7,Low,Highly Secure
6,3,0,1,1,1,0,1,58.1,Low,Highly Secure
15,1,1,0,0,1,0,1,35.03,High,Privacy Risky
12,3,0,1,0,1,0,1,34.81,High,Privacy Risky
6,3,1,0,1,0,0,1,39.55,Medium,Moderately Secure
15,1,0,0,1,1,0,1,44.17,Medium,Moderately Secure
8,1,0,1,1,1,0,1,67.93,Low,Highly Secure
9,3,1,1,0,1,0,0,29.7,High,Privacy Risky
8,1,0,0,1,1,1,1,81.1,Low,Highly Secure
4,2,0,1,1,1,0,0,46.26,Medium,Moderately Secure
15,1,1,0,0,1,0,1,33.79,High,Privacy Risky
2,1,0,0,0,1,0,0,63.44,Low,Highly Secure
4,3,1,0,0,1,0,1,55.43,Low,Highly Secure
5,1,0,1,0,0,0,1,53.81,Low,Highly Secure
5,3,0,1,0,0,0,1,38.6,High,Privacy Risky
3,3,1,0,1,0,1,1,57.06,Low,Highly Secure
2,1,0,0,1,0,1,0,65.89,Low,Highly Secure
11,1,0,0,0,0,1,0,31.15,High,Privacy Risky
15,3,1,0,1,0,1,0,29.26,High,Privacy Risky
3,2,1,0,1,0,1,1,67.78,Low,Highly Secure
6,1,0,0,0,1,0,1,69.06,Low,Highly Secure
9,3,1,1,0,0,1,0,13.79,High,Privacy Risky
14,1,1,0,0,1,1,0,30.62,High,Privacy Risky
11,1,1,0,1,0,1,0,45.1,Medium,Moderately Secure
12,3,0,1,1,0,1,1,39.3,Medium,Moderately Secure
10,1,1,0,1,1,0,0,53.12,Low,Highly Secure
7,2,1,0,1,1,1,1,54.47,Low,Highly Secure
4,3,1,0,0,1,1,1,54.8,Low,Highly Secure
14,2,0,0,0,1,0,0,35.91,High,Privacy Risky
13,2,1,0,1,1,0,0,31.95,High,Privacy Risky
2,2,1,1,0,1,1,1,58.83,Low,Highly Secure
12,1,0,0,0,0,0,0,39.22,High,Privacy Risky
3,2,1,1,0,1,0,1,50.28,Medium,Moderately Secure
12,3,1,1,0,1,0,1,20.0,High,Privacy Risky
13,1,0,0,0,0,1,1,36.91,High,Privacy Risky
3,3,1,0,0,0,0,1,39.01,High,Privacy Risky
8,2,0,0,0,1,0,1,48.5,Medium,Moderately Secure
3,2,1,0,1,0,0,0,51.55,Medium,Moderately Secure
9,1,1,1,1,1,0,0,49.44,Medium,Moderately Secure
14,2,1,1,1,0,1,0,22.59,High,Privacy Risky
3,1,0,0,1,0,1,1,75.26,Low,Highly Secure
7,1,1,0,1,0,1,1,67.61,Low,Highly Secure
15,3,0,0,0,1,1,0,33.29,High,Privacy Risky
6,1,1,1,1,0,1,0,50.41,Medium,Moderately Secure
3,2,1,1,1,1,0,1,61.22,Low,Highly Secure
8,2,0,0,1,1,1,0,51.32,Medium,Moderately Secure
9,1,0,0,0,0,0,1,47.43,Medium,Moderately Secure
11,1,0,0,0,1,1,1,49.81,Medium,Moderately Secure
6,2,1,0,1,0,1,0,47.45,Medium,Moderately Secure
15,2,0,0,1,1,0,0,39.47,Medium,Moderately Secure
9,3,0,0,1,0,1,0,50.82,Medium,Moderately Secure
6,3,0,0,1,0,1,1,57.62,Low,Highly Secure
15,1,0,0,0,1,0,0,38.15,High,Privacy Risky
14,1,0,0,0,1,1,0,53.86,Low,Highly Secure
8,1,0,1,1,1,0,1,65.29,Low,Highly Secure
2,2,0,1,1,1,0,0,64.84,Low,Highly Secure
10,1,1,0,0,0,0,1,37.02,High,Privacy Risky
9,1,0,0,0,0,0,0,41.49,Medium,Moderately Secure
4,3,1,1,0,0,1,0,37.86,High,Privacy Risky
10,3,1,1,0,1,1,0,25.44,High,Privacy Risky
13,3,1,0,1,0,1,0,28.95,High,Privacy Risky
3,1,0,1,0,0,1,0,74.64,Low,Highly Secure
12,2,0,0,1,0,1,1,53.71,Low,Highly Secure
3,2,1,0,0,0,0,0,36.02,High,Privacy Risky
12,1,1,1,1,0,0,1,47.98,Medium,Moderately Secure
7,2,1,1,0,0,1,1,39.28,Medium,Moderately Secure
2,2,0,1,1,0,1,1,57.61,Low,Highly Secure
15,2,0,0,1,1,0,1,50.62,Medium,Moderately Secure
4,3,0,1,1,0,1,0,50.76,Medium,Moderately Secure
10,3,0,0,1,0,0,0,45.69,Medium,Moderately Secure
4,2,1,1,1,1,0,1,46.11,Medium,Moderately Secure
15,3,0,0,1,0,0,1,33.54,High,Privacy Risky
12,3,0,0,0,0,0,0,25.4,High,Privacy Risky
13,2,1,1,0,0,0,1,13.59,High,Privacy Risky
8,1,1,1,0,0,1,1,39.85,Medium,Moderately Secure
8,3,0,1,0,1,1,1,52.61,Low,Highly Secure
10,3,0,0,1,0,1,0,46.91,Medium,Moderately Secure
12,3,1,0,0,0,0,0,14.04,High,Privacy Risky
13,1,1,1,0,0,1,0,30.76,High,Privacy Risky
2,2,1,1,1,0,1,0,65.32,Low,Highly Secure
11,3,1,0,0,1,0,0,26.44,High,Privacy Risky
3,2,1,1,0,0,0,0,46.33,Medium,Moderately Secure
6,3,0,1,1,1,0,0,38.39,High,Privacy Risky
13,1,0,0,1,1,1,0,54.46,Low,Highly Secure
5,1,1,1,1,1,1,0,64.47,Low,Highly Secure
13,3,0,1,1,1,1,0,42.46,Medium,Moderately Secure
8,2,0,1,1,1,1,0,66.54,Low,Highly Secure
5,2,0,1,1,1,1,1,74.3,Low,Highly Secure
6,2,1,0,0,1,0,1,42.89,Medium,Moderately Secure
9,2,0,1,1,0,1,1,38.55,High,Privacy Risky
12,3,0,1,0,0,0,1,22.15,High,Privacy Risky
10,1,0,1,0,0,1,0,42.68,Medium,Moderately Secure
15,3,0,1,1,1,1,1,42.57,Medium,Moderately Secure
14,3,1,0,1,1,1,0,38.4,High,Privacy Risky
12,2,0,0,0,0,0,1,25.32,High,Privacy Risky
10,2,1,0,1,0,1,0,41.53,Medium,Moderately Secure
6,1,0,1,1,0,1,0,45.75,Medium,Moderately Secure
7,3,1,1,1,1,1,0,34.11,High,Privacy Risky
3,2,1,1,0,1,1,0,60.02,Low,Highly Secure
7,1,1,0,1,1,0,1,64.75,Low,Highly Secure
14,2,1,1,0,0,0,1,23.68,High,Privacy Risky
7,3,0,0,1,0,0,0,44.77,Medium,Moderately Secure
3,1,1,0,0,0,1,0,54.17,Low,Highly Secure
11,1,1,1,1,1,0,1,28.73,High,Privacy Risky
15,3,1,0,0,1,1,1,35.24,High,Privacy Risky
14,1,1,0,0,1,0,1,36.41,High,Privacy Risky
5,3,1,0,0,0,1,1,39.69,Medium,Moderately Secure
8,3,1,0,1,0,0,1,39.54,Medium,Moderately Secure
9,3,1,0,0,1,1,1,41.02,Medium,Moderately Secure
5,3,1,1,1,0,0,1,47.15,Medium,Moderately Secure
5,1,0,1,0,1,0,0,54.02,Low,Highly Secure
5,1,0,0,0,0,1,1,61.08,Low,Highly Secure
15,2,0,0,1,0,0,0,31.05,High,Privacy Risky
12,2,0,0,1,1,0,0,42.99,Medium,Moderately Secure
13,3,0,0,0,0,0,1,21.02,High,Privacy Risky
13,3,0,1,0,0,1,0,17.85,High,Privacy Risky
15,2,0,0,0,1,0,1,37.8,High,Privacy Risky
3,3,0,0,1,0,0,1,66.09,Low,Highly Secure
14,2,1,0,1,0,1,0,35.37,High,Privacy Risky
2,2,1,0,0,1,1,0,58.16,Low,Highly Secure
8,2,1,0,1,0,0,1,44.05,Medium,Moderately Secure
10,2,0,0,0,0,0,1,45.02,Medium,Moderately Secure
7,1,0,1,0,0,0,1,55.14,Low,Highly Secure
4,3,1,1,1,0,0,0,44.13,Medium,Moderately Secure
4,2,0,1,1,0,1,1,72.88,Low,Highly Secure
13,3,1,0,0,1,0,0,23.21,High,Privacy Risky
6,2,0,1,1,0,1,0,61.4,Low,Highly Secure
6,3,0,1,0,0,1,0,44.72,Medium,Moderately Secure
14,3,1,0,1,0,0,0,22.88,High,Privacy Risky
4,2,0,0,0,0,0,1,63.19,Low,Highly Secure
14,2,0,1,0,1,0,1,32.9,High,Privacy Risky
14,1,1,0,0,0,1,0,25.53,High,Privacy Risky
10,3,0,0,1,0,1,1,52.37,Low,Highly Secure
4,3,1,1,1,0,0,0,39.58,Medium,Moderately Secure
4,3,0,1,0,0,0,1,40.6,Medium,Moderately Secure
5,3,0,1,1,0,1,0,52.93,Low,Highly Secure
10,3,1,1,1,1,0,0,35.61,High,Privacy Risky
4,3,0,1,0,1,0,1,43.53,Medium,Moderately Secure
8,2,1,1,1,0,0,1,35.04,High,Privacy Risky
3,1,1,0,1,1,1,1,70.92,Low,Highly Secure
9,1,1,1,0,0,1,1,36.08,High,Privacy Risky
2,1,0,1,0,0,0,0,66.21,Low,Highly Secure
11,2,1,1,0,1,0,0,18.78,High,Privacy Risky
2,3,1,1,1,1,0,1,51.86,Low,Highly Secure
4,2,1,0,1,0,1,1,53.3,Low,Highly Secure
4,1,0,0,0,1,0,0,59.67,Low,Highly Secure
13,1,1,0,0,0,0,0,26.69,High,Privacy Risky
2,3,0,0,0,1,0,1,61.96,Low,Highly Secure
8,3,1,0,0,1,1,0,35.57,High,Privacy Risky
10,2,0,1,0,1,0,0,39.68,Medium,Moderately Secure
9,3,1,1,0,1,1,1,31.24,High,Privacy Risky
11,3,1,0,1,1,1,0,48.7,Medium,Moderately Secure
13,3,0,0,0,1,1,0,38.91,High,Privacy Risky
7,3,1,1,1,1,0,1,31.04,High,Privacy Risky
13,2,1,1,0,0,0,0,19.53,High,Privacy Risky
6,2,0,1,0,0,0,1,47.03,Medium,Moderately Secure
15,2,0,0,1,0,0,1,44.44,Medium,Moderately Secure
9,1,1,0,1,1,1,0,53.5,Low,Highly Secure
12,2,0,1,1,0,0,1,44.85,Medium,Moderately Secure
14,2,0,0,1,0,0,1,42.38,Medium,Moderately Secure
13,2,1,0,0,1,1,0,27.9,High,Privacy Risky
13,2,0,0,0,0,0,1,39.86,Medium,Moderately Secure
9,2,1,0,1,1,0,0,39.51,Medium,Moderately Secure
2,2,0,0,1,1,1,0,68.29,Low,Highly Secure
8,1,1,1,1,0,1,1,45.25,Medium,Moderately Secure
4,2,0,0,1,0,1,1,67.22,Low,Highly Secure
14,2,1,1,0,0,0,1,0.0,High,Privacy Risky
5,3,1,1,0,0,1,1,31.84,High,Privacy Risky
5,2,0,0,0,0,1,1,56.16,Low,Highly Secure
5,2,0,0,1,0,0,0,59.97,Low,Highly Secure
10,1,1,1,1,0,0,0,36.65,High,Privacy Risky
9,1,1,1,0,0,1,1,33.05,High,Privacy Risky
15,2,1,0,1,1,0,1,27.01,High,Privacy Risky
7,2,0,0,1,1,0,0,48.31,Medium,Moderately Secure
5,2,1,1,0,0,1,0,33.47,High,Privacy Risky
2,2,1,0,0,1,1,1,70.49,Low,Highly Secure
2,3,0,0,1,0,0,0,52.15,Low,Highly Secure
7,1,0,0,1,0,1,0,69.1,Low,Highly Secure
14,1,0,0,0,0,1,1,53.72,Low,Highly Secure
9,1,1,1,0,0,1,0,34.18,High,Privacy Risky
14,1,0,0,0,0,0,1,36.36,High,Privacy Risky
3,3,0,0,1,0,0,1,53.52,Low,Highly Secure
3,1,1,1,0,0,1,1,51.65,Medium,Moderately Secure
13,2,0,0,1,0,0,1,40.2,Medium,Moderately Secure
3,1,1,0,0,1,1,1,72.74,Low,Highly Secure
2,3,1,1,0,1,1,1,52.27,Low,Highly Secure
7,3,1,0,0,1,0,0,43.89,Medium,Moderately Secure
14,1,1,1,1,1,1,1,57.71,Low,Highly Secure
11,1,1,0,0,1,1,1,44.99,Medium,Moderately Secure
3,1,1,0,1,0,1,0,66.15,Low,Highly Secure
13,2,1,0,0,0,1,0,20.83,High,Privacy Risky
13,3,0,1,1,0,1,0,24.6,High,Privacy Risky
13,2,0,0,0,0,1,0,38.52,High,Privacy Risky
14,3,1,0,0,1,1,0,21.24,High,Privacy Risky
5,2,0,1,1,0,1,1,64.72,Low,Highly Secure
15,1,1,0,1,1,0,0,48.54,Medium,Moderately Secure
6,2,1,1,1,1,0,0,44.83,Medium,Moderately Secure
13,1,1,0,0,0,0,0,29.83,High,Privacy Risky
10,3,0,1,1,1,1,0,47.38,Medium,Moderately Secure
12,1,0,0,0,0,0,1,31.89,High,Privacy Risky
10,2,0,1,1,0,1,0,53.09,Low,Highly Secure
10,2,1,0,1,0,0,1,38.94,High,Privacy Risky
10,1,1,1,1,0,0,0,42.09,Medium,Moderately Secure
12,2,1,1,1,1,0,0,27.1,High,Privacy Risky
12,2,1,0,1,0,1,1,40.31,Medium,Moderately Secure
3,1,1,0,1,0,1,0,59.29,Low,Highly Secure
13,1,1,0,0,0,1,1,43.95,Medium,Moderately Secure
9,1,0,1,0,0,1,1,54.98,Low,Highly Secure
6,1,1,1,1,1,0,1,52.08,Low,Highly Secure
9,2,0,1,1,1,1,0,42.21,Medium,Moderately Secure
15,1,1,0,1,0,0,0,27.53,High,Privacy Risky
14,3,1,1,1,1,0,0,27.66,High,Privacy Risky
13,1,0,0,0,0,1,0,38.77,High,Privacy Risky
8,2,1,1,0,0,1,0,17.04,High,Privacy Risky
12,3,0,0,1,1,0,1,45.83,Medium,Moderately Secure
7,2,1,1,1,0,1,0,32.84,High,Privacy Risky
11,3,0,1,0,0,0,1,33.2,High,Privacy Risky
10,1,0,1,0,0,1,0,42.38,Medium,Moderately Secure
5,1,1,0,0,0,1,0,45.72,Medium,Moderately Secure
5,1,0,0,0,1,1,1,68.7,Low,Highly Secure
2,1,1,1,1,0,1,0,63.2,Low,Highly Secure
3,1,1,0,1,0,1,0,66.49,Low,Highly Secure
8,1,0,0,1,0,0,1,54.3,Low,Highly Secure
8,3,0,1,1,1,1,1,47.88,Medium,Moderately Secure
4,1,0,1,0,1,0,1,53.73,Low,Highly Secure
7,3,0,1,0,1,0,1,33.36,High,Privacy Risky
10,3,0,1,0,1,1,1,42.17,Medium,Moderately Secure
5,3,1,0,0,1,1,1,52.22,Low,Highly Secure
6,1,0,0,1,1,0,1,63.35,Low,Highly Secure
7,3,1,1,0,1,0,0,25.26,High,Privacy Risky
9,2,0,0,0,0,1,1,55.42,Low,Highly Secure
7,3,1,0,1,0,0,0,41.89,Medium,Moderately Secure
12,2,1,0,1,0,0,0,27.9,High,Privacy Risky
6,3,0,1,0,0,0,0,34.54,High,Privacy Risky
8,2,1,1,0,0,0,1,32.76,High,Privacy Risky
7,1,0,0,1,1,1,0,62.01,Low,Highly Secure
4,2,0,0,1,1,1,1,70.4,Low,Highly Secure
11,1,1,0,1,0,1,0,36.23,High,Privacy Risky
5,3,1,1,0,0,0,1,44.73,Medium,Moderately Secure
6,1,0,0,0,0,1,1,60.48,Low,Highly Secure
13,1,0,1,0,1,1,1,44.4,Medium,Moderately Secure
15,2,0,0,1,0,0,0,42.28,Medium,Moderately Secure
11,2,0,0,1,0,0,1,51.71,Medium,Moderately Secure
14,1,0,0,1,0,0,0,46.35,Medium,Moderately Secure
13,3,0,1,1,1,1,1,44.15,Medium,Moderately Secure
8,3,1,0,1,0,1,0,28.8,High,Privacy Risky
12,3,0,0,0,1,0,1,26.41,High,Privacy Risky
6,2,1,0,0,1,0,1,53.97,Low,Highly Secure
8,2,1,0,1,0,0,1,42.39,Medium,Moderately Secure
9,2,1,0,0,1,1,1,44.36,Medium,Moderately Secure
15,2,0,1,0,1,0,0,24.63,High,Privacy Risky
13,1,1,0,0,1,0,1,37.54,High,Privacy Risky
8,1,1,0,0,0,0,0,35.96,High,Privacy Risky
11,1,0,0,1,1,1,1,55.69,Low,Highly Secure
4,2,1,1,1,1,0,0,43.23,Medium,Moderately Secure
13,1,0,0,1,0,1,1,61.09,Low,Highly Secure
9,1,1,0,0,0,1,1,42.06,Medium,Moderately Secure
9,3,0,0,0,1,1,1,44.94,Medium,Moderately Secure
12,2,1,0,0,1,0,1,34.16,High,Privacy Risky
10,2,0,0,0,1,0,0,36.13,High,Privacy Risky
3,2,0,1,1,1,0,1,65.64,Low,Highly Secure
6,3,0,0,1,0,1,1,56.48,Low,Highly Secure
4,3,0,0,1,0,1,1,61.28,Low,Highly Secure
12,1,0,0,0,1,1,1,68.18,Low,Highly Secure
2,3,0,0,1,0,1,1,66.83,Low,Highly Secure
4,2,0,1,0,0,1,0,53.09,Low,Highly Secure
10,3,1,1,0,1,0,1,36.33,High,Privacy Risky
11,2,1,1,1,0,1,1,30.41,High,Privacy Risky
9,1,1,0,0,0,1,1,43.83,Medium,Moderately Secure
14,3,1,1,0,0,0,0,7.7,High,Privacy Risky
14,1,0,0,1,0,1,1,55.92,Low,Highly Secure
3,3,0,1,0,0,0,1,44.22,Medium,Moderately Secure
15,1,0,1,1,0,0,0,27.9,High,Privacy Risky
10,1,0,1,0,0,0,0,41.94,Medium,Moderately Secure
10,2,0,1,1,0,0,0,38.69,High,Privacy Risky
3,3,1,0,0,1,0,1,44.22,Medium,Moderately Secure
10,2,1,0,0,1,0,0,46.06,Medium,Moderately Secure
12,1,1,1,1,1,1,1,50.26,Medium,Moderately Secure
10,1,0,0,0,1,0,1,57.7,Low,Highly Secure
3,3,1,1,1,0,0,0,39.9,Medium,Moderately Secure
9,3,0,1,0,1,1,0,42.13,Medium,Moderately Secure
15,1,0,1,1,1,0,0,39.99,Medium,Moderately Secure
12,2,0,0,1,0,0,1,33.93,High,Privacy Risky
3,1,1,1,0,0,0,0,45.38,Medium,Moderately Secure
15,1,0,0,0,1,1,0,41.65,Medium,Moderately Secure
15,3,0,0,1,1,0,0,21.82,High,Privacy Risky
4,2,0,0,1,0,1,0,65.35,Low,Highly Secure
13,1,0,1,0,0,0,1,25.51,High,Privacy Risky
7,2,0,1,0,0,0,1,43.39,Medium,Moderately Secure
10,2,0,1,1,0,1,0,33.06,High,Privacy Risky
8,1,0,1,1,1,1,0,56.61,Low,Highly Secure
12,2,0,0,0,1,0,0,36.8,High,Privacy Risky
15,1,0,0,0,0,0,1,37.76,High,Privacy Risky
13,1,0,1,1,1,1,0,54.12,Low,Highly Secure
15,3,1,0,0,1,0,1,23.06,High,Privacy Risky
15,3,0,0,0,1,0,1,26.74,High,Privacy Risky
3,1,1,1,1,0,1,0,56.47,Low,Highly Secure
5,3,1,1,0,1,0,0,35.82,High,Privacy Risky
12,2,0,0,1,1,1,0,53.16,Low,Highly Secure
10,3,0,1,0,1,1,1,36.98,High,Privacy Risky
2,3,0,0,1,0,1,0,52.87,Low,Highly Secure
3,2,0,0,0,0,0,0,55.24,Low,Highly Secure
9,2,0,0,1,1,0,0,56.98,Low,Highly Secure
10,2,0,1,0,0,0,0,28.58,High,Privacy Risky
4,3,0,0,0,1,0,0,40.66,Medium,Moderately Secure
4,1,0,0,1,0,1,1,67.19,Low,Highly Secure
3,1,1,1,1,1,1,0,70.9,Low,Highly Secure
9,1,0,1,1,0,1,0,53.67,Low,Highly Secure
2,1,1,1,0,0,1,0,56.41,Low,Highly Secure
10,1,0,1,0,0,1,1,49.8,Medium,Moderately Secure
8,1,1,1,1,0,0,0,30.67,High,Privacy Risky
8,3,0,1,1,0,0,0,45.55,Medium,Moderately Secure
11,1,1,1,0,0,0,0,35.92,High,Privacy Risky
9,3,1,1,1,0,1,1,42.38,Medium,Moderately Secure
12,1,0,0,1,1,0,1,56.82,Low,Highly Secure
12,3,1,0,1,1,1,1,39.23,High,Privacy Risky
14,1,0,1,1,1,0,1,46.39,Medium,Moderately Secure
13,2,0,0,1,0,1,1,41.49,Medium,Moderately Secure
9,1,1,1,1,1,1,0,61.02,Low,Highly Secure
8,2,1,0,1,1,0,0,39.25,High,Privacy Risky
5,2,0,1,1,0,0,0,51.36,Medium,Moderately Secure
10,2,1,0,1,1,0,1,43.75,Medium,Moderately Secure
3,2,1,1,0,1,0,1,58.35,Low,Highly Secure
15,2,1,0,1,0,0,1,30.41,High,Privacy Risky
13,3,0,0,1,0,1,1,41.12,Medium,Moderately Secure
3,2,1,0,1,0,0,0,43.34,Medium,Moderately Secure
13,2,0,1,1,0,0,0,41.77,Medium,Moderately Secure
3,1,1,0,0,1,1,0,60.53,Low,Highly Secure
12,2,1,1,1,1,1,1,50.42,Medium,Moderately Secure
3,1,1,0,0,1,0,1,58.52,Low,Highly Secure
8,1,1,0,0,0,1,0,38.28,High,Privacy Risky
11,3,1,1,0,0,0,0,6.21,High,Privacy Risky
12,1,0,0,1,1,0,1,61.8,Low,Highly Secure
7,2,0,0,1,0,0,1,50.78,Medium,Moderately Secure
14,3,1,1,1,1,0,1,20.04,High,Privacy Risky
12,3,0,1,0,1,0,1,43.42,Medium,Moderately Secure
4,1,1,1,0,0,1,0,42.74,Medium,Moderately Secure
11,1,0,0,1,1,0,0,48.86,Medium,Moderately Secure
12,2,1,1,0,0,0,1,25.52,High,Privacy Risky
6,2,0,0,1,0,0,1,65.89,Low,Highly Secure
12,3,0,1,1,0,0,1,28.62,High,Privacy Risky
14,1,0,1,1,0,0,1,49.39,Medium,Moderately Secure
13,1,0,0,0,0,1,1,47.96,Medium,Moderately Secure
12,1,0,0,0,1,1,0,50.15,Medium,Moderately Secure
10,3,0,0,0,1,1,0,37.79,High,Privacy Risky
5,1,1,0,1,0,0,1,61.92,Low,Highly Secure
13,2,1,0,0,1,1,1,43.24,Medium,Moderately Secure
7,1,1,1,1,1,1,0,54.07,Low,Highly Secure
9,1,1,0,0,0,1,1,40.78,Medium,Moderately Secure
6,3,1,0,0,0,0,0,16.16,High,Privacy Risky
6,1,1,1,0,0,1,0,51.25,Medium,Moderately Secure
4,1,0,0,1,1,0,1,73.95,Low,Highly Secure
15,3,1,1,1,1,1,1,37.89,High,Privacy Risky
4,2,0,1,0,0,0,0,37.68,High,Privacy Risky
3,1,0,1,1,1,1,0,77.65,Low,Highly Secure
15,2,1,0,1,0,0,1,34.53,High,Privacy Risky
9,3,0,0,1,1,1,1,61.69,Low,Highly Secure
8,2,1,1,1,1,0,0,41.72,Medium,Moderately Secure
12,2,1,1,0,1,1,1,34.11,High,Privacy Risky
7,2,1,0,0,0,0,0,30.97,High,Privacy Risky
3,2,1,1,1,0,1,1,56.43,Low,Highly Secure
12,1,1,1,0,1,1,0,44.12,Medium,Moderately Secure
4,3,0,0,0,0,0,1,44.63,Medium,Moderately Secure
9,3,1,1,0,0,0,1,24.71,High,Privacy Risky
15,1,0,0,1,0,1,1,43.3,Medium,Moderately Secure
15,3,0,1,0,1,0,1,31.27,High,Privacy Risky
7,3,0,1,0,0,0,1,47.07,Medium,Moderately Secure
12,3,0,1,1,1,1,1,46.65,Medium,Moderately Secure
10,2,1,0,0,1,0,1,32.54,High,Privacy Risky
8,2,0,0,0,1,0,1,52.39,Low,Highly Secure
3,3,1,1,0,1,0,1,45.49,Medium,Moderately Secure
7,1,1,1,0,0,0,1,46.09,Medium,Moderately Secure
11,3,1,1,1,1,0,1,24.12,High,Privacy Risky
15,3,1,0,1,1,0,1,37.54,High,Privacy Risky
2,3,0,0,0,1,0,0,58.63,Low,Highly Secure
12,2,0,1,1,1,0,1,43.86,Medium,Moderately Secure
13,2,1,0,1,1,0,0,46.87,Medium,Moderately Secure
15,1,1,1,1,1,0,1,30.51,High,Privacy Risky
7,3,1,0,1,1,0,0,38.77,High,Privacy Risky
3,2,0,0,1,0,1,1,64.79,Low,Highly Secure
5,1,0,0,0,0,0,0,49.56,Medium,Moderately Secure
13,3,0,1,0,0,1,1,30.55,High,Privacy Risky
14,2,0,1,1,1,1,1,54.62,Low,Highly Secure
10,2,0,0,1,0,1,0,49.89,Medium,Moderately Secure
3,1,1,0,1,0,1,1,73.55,Low,Highly Secure
3,3,0,1,0,1,0,0,43.94,Medium,Moderately Secure
8,2,1,0,0,0,1,1,38.1,High,Privacy Risky
10,3,1,1,1,1,0,1,27.99,High,Privacy Risky
2,3,1,0,0,1,1,0,48.52,Medium,Moderately Secure
11,1,0,0,1,0,0,0,42.15,Medium,Moderately Secure
9,1,0,0,1,0,0,0,53.87,Low,Highly Secure
2,3,1,1,1,1,0,0,51.07,Medium,Moderately Secure
3,2,0,0,0,1,0,0,55.26,Low,Highly Secure
8,2,1,1,1,1,0,1,49.65,Medium,Moderately Secure
12,1,1,0,1,1,1,1,53.47,Low,Highly Secure
13,2,0,0,1,0,0,0,43.79,Medium,Moderately Secure
8,3,1,1,1,1,1,0,45.73,Medium,Moderately Secure
6,1,0,1,0,0,0,0,41.73,Medium,Moderately Secure
15,2,0,0,1,0,1,1,38.91,High,Privacy Risky
8,3,1,0,1,1,0,0,46.36,Medium,Moderately Secure
6,1,1,0,1,0,0,0,45.85,Medium,Moderately Secure
8,1,0,1,1,1,0,0,59.19,Low,Highly Secure
2,3,1,0,0,1,1,0,50.67,Medium,Moderately Secure
6,1,1,0,1,0,1,1,52.57,Low,Highly Secure
9,2,1,0,0,1,0,0,31.61,High,Privacy Risky
14,2,0,1,0,1,0,1,30.38,High,Privacy Risky
12,3,0,0,1,0,1,1,33.16,High,Privacy Risky
12,1,1,1,0,1,1,1,46.38,Medium,Moderately Secure
9,2,1,0,0,0,0,0,35.55,High,Privacy Risky
3,1,1,0,1,1,0,1,73.74,Low,Highly Secure
7,3,0,0,1,0,0,0,45.83,Medium,Moderately Secure
15,2,0,0,0,1,1,1,57.68,Low,Highly Secure
2,2,1,0,0,1,1,1,64.14,Low,Highly Secure
14,2,0,1,0,1,0,0,32.44,High,Privacy Risky
11,1,0,0,1,0,0,1,49.05,Medium,Moderately Secure
5,3,1,1,0,1,0,1,37.82,High,Privacy Risky
12,2,1,0,1,0,1,1,45.76,Medium,Moderately Secure
13,1,0,0,1,0,0,0,39.85,Medium,Moderately Secure
2,2,0,0,1,1,0,1,69.75,Low,Highly Secure
3,3,0,0,0,1,0,0,56.72,Low,Highly Secure
11,3,1,1,1,1,0,0,31.7,High,Privacy Risky
15,2,0,0,0,0,1,1,49.97,Medium,Moderately Secure
2,1,1,1,0,1,0,0,59.11,Low,Highly Secure
11,2,0,1,0,1,0,1,46.18,Medium,Moderately Secure
3,2,1,1,0,1,1,0,49.03,Medium,Moderately Secure
11,2,1,0,1,0,0,0,38.76,High,Privacy Risky
10,1,1,0,0,1,0,0,43.5,Medium,Moderately Secure
3,2,1,1,1,1,1,1,70.74,Low,Highly Secure
11,2,1,0,0,1,1,1,42.38,Medium,Moderately Secure
14,3,0,0,0,0,0,0,18.78,High,Privacy Risky
14,2,1,1,0,0,0,1,17.19,High,Privacy Risky
2,2,1,1,0,0,1,0,44.64,Medium,Moderately Secure
5,2,1,1,0,1,0,1,55.35,Low,Highly Secure
5,1,0,0,1,0,1,0,69.67,Low,Highly Secure
8,1,1,1,1,0,1,1,54.1,Low,Highly Secure
4,3,0,0,0,1,0,0,52.35,Low,Highly Secure
13,3,1,1,1,0,1,0,22.2,High,Privacy Risky
12,3,1,1,1,1,0,1,23.97,High,Privacy Risky
13,2,0,1,0,1,1,1,37.64,High,Privacy Risky
4,1,1,1,0,0,0,0,47.24,Medium,Moderately Secure
2,3,1,0,0,0,0,1,40.61,Medium,Moderately Secure
14,2,0,0,1,1,1,1,49.49,Medium,Moderately Secure
6,1,0,0,1,0,1,0,68.63,Low,Highly Secure
11,3,0,0,0,1,0,0,29.63,High,Privacy Risky
14,3,1,1,1,0,1,1,27.52,High,Privacy Risky
2,3,1,0,1,0,0,1,61.04,Low,Highly Secure
2,1,1,1,1,0,0,1,56.67,Low,Highly Secure
2,3,1,0,0,1,0,1,50.32,Medium,Moderately Secure
4,2,1,0,1,0,0,1,55.61,Low,Highly Secure
2,2,0,0,1,0,1,1,72.63,Low,Highly Secure
13,3,0,1,1,0,1,1,41.72,Medium,Moderately Secure
10,2,0,1,1,0,1,0,40.16,Medium,Moderately Secure
15,1,0,1,1,0,0,1,40.22,Medium,Moderately Secure
13,1,1,0,1,1,1,1,51.93,Low,Highly Secure
15,2,0,0,0,1,0,0,30.01,High,Privacy Risky
5,3,0,1,0,0,1,1,53.87,Low,Highly Secure
6,3,0,1,0,1,1,1,57.05,Low,Highly Secure
13,2,0,0,0,1,1,0,55.07,Low,Highly Secure
5,3,0,1,1,1,1,0,52.11,Low,Highly Secure
2,3,0,0,1,1,0,0,69.36,Low,Highly Secure
11,2,1,0,1,0,1,0,37.43,High,Privacy Risky
13,2,0,1,1,1,1,0,42.04,Medium,Moderately Secure
15,3,0,0,0,1,0,0,22.47,High,Privacy Risky
14,2,0,0,0,1,1,0,46.82,Medium,Moderately Secure
3,1,1,1,1,0,0,0,51.6,Medium,Moderately Secure
12,3,1,1,0,1,0,0,8.65,High,Privacy Risky
13,2,1,0,1,1,1,1,36.5,High,Privacy Risky
11,2,1,0,0,1,1,0,31.38,High,Privacy Risky
13,3,1,1,0,0,0,1,13.69,High,Privacy Risky
13,3,1,1,1,0,1,0,28.74,High,Privacy Risky
8,1,0,1,1,1,1,1,62.86,Low,Highly Secure
2,2,1,1,1,0,0,1,54.32,Low,Highly Secure
8,1,0,0,0,0,0,1,49.11,Medium,Moderately Secure
4,2,0,1,1,1,0,0,62.39,Low,Highly Secure
3,2,1,0,1,1,1,1,69.55,Low,Highly Secure
3,2,0,0,1,0,0,0,58.0,Low,Highly Secure
11,3,0,1,0,0,1,0,26.36,High,Privacy Risky
9,2,1,0,0,0,1,1,37.83,High,Privacy Risky
9,2,0,1,1,0,1,0,49.52,Medium,Moderately Secure
12,2,0,0,0,0,0,0,39.87,Medium,Moderately Secure
9,1,1,1,1,1,0,1,41.37,Medium,Moderately Secure
10,1,1,1,0,1,1,0,25.32,High,Privacy Risky
3,3,0,0,0,0,1,1,53.69,Low,Highly Secure
13,1,1,0,1,0,0,0,42.79,Medium,Moderately Secure
8,1,1,1,0,1,1,0,49.4,Medium,Moderately Secure
4,3,0,0,0,0,1,0,45.09,Medium,Moderately Secure
13,1,0,0,1,0,1,0,40.49,Medium,Moderately Secure
12,2,0,0,0,0,0,0,39.08,High,Privacy Risky
2,3,0,1,1,1,1,0,62.77,Low,Highly Secure
4,2,0,0,0,0,1,0,53.05,Low,Highly Secure
2,1,0,1,1,0,1,0,61.97,Low,Highly Secure
5,1,0,0,0,1,0,0,61.94,Low,Highly Secure
3,3,0,0,0,0,1,1,65.87,Low,Highly Secure
11,1,0,0,1,0,0,1,50.04,Medium,Moderately Secure
9,3,0,1,1,0,1,1,39.2,High,Privacy Risky
15,1,0,0,0,1,0,1,44.78,Medium,Moderately Secure
12,1,0,0,1,1,0,0,50.05,Medium,Moderately Secure
10,3,1,1,0,1,0,0,25.96,High,Privacy Risky
9,3,0,0,0,0,0,1,43.35,Medium,Moderately Secure
2,3,1,0,1,0,0,0,40.23,Medium,Moderately Secure
2,3,1,0,1,1,0,1,57.08,Low,Highly Secure
10,1,1,0,0,1,1,0,42.61,Medium,Moderately Secure
2,3,1,1,1,0,0,0,32.16,High,Privacy Risky
2,3,0,1,0,1,1,1,66.68,Low,Highly Secure
5,1,1,1,0,1,0,1,55.41,Low,Highly Secure
14,1,0,1,0,1,1,1,45.49,Medium,Moderately Secure
8,3,0,0,0,1,0,0,44.67,Medium,Moderately Secure
11,1,0,0,1,0,1,0,48.19,Medium,Moderately Secure
7,3,0,0,0,0,0,1,43.69,Medium,Moderately Secure
4,1,0,1,0,0,0,0,55.92,Low,Highly Secure
7,1,0,0,1,0,1,1,67.24,Low,Highly Secure
3,1,1,1,1,1,1,0,62.28,Low,Highly Secure
12,1,1,0,0,1,0,1,36.46,High,Privacy Risky
4,3,0,1,1,1,1,1,61.37,Low,Highly Secure
7,3,1,0,0,0,0,0,25.05,High,Privacy Risky
15,3,0,1,1,1,0,1,32.83,High,Privacy Risky
10,3,0,1,1,0,0,0,33.74,High,Privacy Risky
8,1,1,1,0,1,1,0,49.05,Medium,Moderately Secure
9,3,1,0,0,0,0,1,27.83,High,Privacy Risky
12,2,0,0,1,0,0,1,47.6,Medium,Moderately Secure
5,2,0,1,0,0,0,0,31.46,High,Privacy Risky
10,3,0,0,0,1,1,0,33.99,High,Privacy Risky
14,3,0,1,1,0,0,0,20.12,High,Privacy Risky
10,3,0,1,0,0,1,1,33.77,High,Privacy Risky
8,2,1,1,1,0,1,1,46.11,Medium,Moderately Secure
4,2,1,1,1,1,1,1,68.79,Low,Highly Secure
5,3,0,1,0,0,1,0,42.13,Medium,Moderately Secure
15,1,1,0,0,0,0,0,22.04,High,Privacy Risky
9,1,0,0,1,0,0,0,50.68,Medium,Moderately Secure
6,2,0,0,0,0,1,0,47.06,Medium,Moderately Secure
7,1,0,0,0,1,0,0,49.95,Medium,Moderately Secure
10,1,1,1,0,1,0,1,45.45,Medium,Moderately Secure
9,3,1,0,1,0,0,0,35.44,High,Privacy Risky
11,3,1,0,0,1,1,0,22.52,High,Privacy Risky
5,2,0,1,1,0,1,1,56.05,Low,Highly Secure
11,2,1,1,0,1,0,1,35.4,High,Privacy Risky
8,2,0,0,1,0,1,1,60.07,Low,Highly Secure
15,3,0,1,1,0,1,0,27.6,High,Privacy Risky
4,2,1,0,0,0,1,0,45.39,Medium,Moderately Secure
4,1,0,1,1,0,1,1,66.08,Low,Highly Secure
8,2,1,1,0,1,1,1,29.37,High,Privacy Risky
9,2,1,1,0,1,0,0,30.16,High,Privacy Risky
11,3,1,1,1,1,1,1,35.95,High,Privacy Risky
7,3,0,1,1,0,0,0,49.31,Medium,Moderately Secure
14,3,0,1,1,1,0,0,33.81,High,Privacy Risky
8,2,1,1,0,0,1,0,24.3,High,Privacy Risky
3,2,1,0,0,1,1,1,58.28,Low,Highly Secure
3,2,1,1,0,1,0,0,70.86,Low,Highly Secure
15,1,1,1,0,0,1,1,24.63,High,Privacy Risky
3,3,0,1,0,0,0,0,28.34,High,Privacy Risky
15,3,0,1,1,0,0,0,33.88,High,Privacy Risky
5,3,1,1,0,1,0,1,30.76,High,Privacy Risky
3,1,0,0,1,1,1,1,100.0,Low,Highly Secure
6,1,1,0,0,0,0,0,36.44,High,Privacy Risky
10,3,0,0,0,1,0,0,36.98,High,Privacy Risky
7,2,1,1,0,1,1,0,55.05,Low,Highly Secure
12,3,1,1,0,0,0,0,9.14,High,Privacy Risky
10,2,0,0,0,1,1,0,41.21,Medium,Moderately Secure
7,2,0,0,0,0,0,1,46.41,Medium,Moderately Secure
10,2,1,1,1,1,0,0,33.39,High,Privacy Risky
15,3,0,1,1,0,1,1,35.53,High,Privacy Risky
7,2,1,1,0,1,0,1,52.96,Low,Highly Secure
4,3,1,0,0,0,0,1,36.2,High,Privacy Risky
7,1,1,0,0,0,0,1,35.42,High,Privacy Risky
13,2,0,0,0,0,0,1,28.79,High,Privacy Risky
5,3,1,0,0,1,0,0,51.13,Medium,Moderately Secure
15,3,0,1,0,0,0,0,23.18,High,Privacy Risky
10,3,1,0,1,1,1,1,52.43,Low,Highly Secure
10,1,1,1,0,1,0,0,44.85,Medium,Moderately Secure
6,3,0,1,0,1,0,1,46.18,Medium,Moderately Secure
14,3,0,0,0,1,0,1,31.95,High,Privacy Risky
2,3,0,0,1,1,1,1,81.93,Low,Highly Secure
6,1,1,1,0,0,1,0,37.41,High,Privacy Risky
7,3,0,0,0,1,1,0,44.97,Medium,Moderately Secure
8,3,0,0,0,0,0,0,37.65,High,Privacy Risky
8,3,1,1,0,1,1,0,33.65,High,Privacy Risky
4,1,1,1,0,0,0,0,53.06,Low,Highly Secure
5,3,1,1,1,1,1,0,48.89,Medium,Moderately Secure
3,1,1,0,0,1,0,0,55.49,Low,Highly Secure
10,2,1,0,0,0,0,1,32.45,High,Privacy Risky
6,2,1,0,1,1,1,1,59.72,Low,Highly Secure
9,2,0,0,0,0,0,1,42.8,Medium,Moderately Secure
10,3,1,0,0,0,0,0,22.96,High,Privacy Risky
11,1,1,1,0,1,0,0,31.3,High,Privacy Risky
9,2,1,0,1,1,1,1,49.46,Medium,Moderately Secure
11,2,1,1,1,0,1,0,33.62,High,Privacy Risky
10,2,1,1,1,1,1,0,40.2,Medium,Moderately Secure
11,1,0,1,1,1,1,1,61.85,Low,Highly Secure
10,1,1,0,1,1,0,1,58.15,Low,Highly Secure
6,1,1,0,1,1,0,1,59.72,Low,Highly Secure
5,2,0,1,1,0,0,0,52.84,Low,Highly Secure
13,2,1,0,1,0,0,0,26.37,High,Privacy Risky
6,2,0,1,1,1,0,0,54.06,Low,Highly Secure
9,2,1,0,0,1,0,1,44.39,Medium,Moderately Secure
4,1,1,0,0,0,0,0,48.43,Medium,Moderately Secure
8,1,0,1,1,1,1,0,64.23,Low,Highly Secure
9,2,0,1,0,1,0,0,49.92,Medium,Moderately Secure
10,3,1,0,0,1,1,0,31.15,High,Privacy Risky
9,1,0,1,1,0,0,0,45.48,Medium,Moderately Secure
7,3,1,0,1,0,1,1,41.73,Medium,Moderately Secure
15,2,0,1,1,0,1,1,42.31,Medium,Moderately Secure
9,1,1,1,0,1,1,1,37.13,High,Privacy Risky
13,2,1,1,0,1,0,0,24.96,High,Privacy Risky
12,1,1,1,0,0,0,1,35.31,High,Privacy Risky
9,1,0,0,0,1,1,1,68.47,Low,Highly Secure
14,2,1,1,1,1,1,0,43.97,Medium,Moderately Secure
3,2,0,0,0,0,0,1,47.98,Medium,Moderately Secure
14,3,0,0,0,0,1,0,18.25,High,Privacy Risky
13,1,0,0,0,1,0,1,44.97,Medium,Moderately Secure
9,3,1,0,1,1,0,0,43.65,Medium,Moderately Secure
12,1,1,1,0,1,0,0,19.91,High,Privacy Risky
9,1,0,0,0,1,1,0,58.53,Low,Highly Secure
5,3,0,0,1,0,1,1,61.48,Low,Highly Secure
13,3,1,0,1,1,0,0,20.87,High,Privacy Risky
5,2,0,1,0,1,1,1,55.87,Low,Highly Secure
6,1,0,1,1,0,1,0,45.23,Medium,Moderately Secure
9,1,1,1,1,0,0,1,42.78,Medium,Moderately Secure
13,2,0,0,0,1,1,0,44.09,Medium,Moderately Secure
7,2,1,0,0,1,1,0,49.72,Medium,Moderately Secure
8,3,1,1,1,1,1,0,51.58,Medium,Moderately Secure
2,1,0,1,0,0,0,0,55.92,Low,Highly Secure
3,1,0,1,1,0,1,0,58.12,Low,Highly Secure
2,3,1,1,1,1,0,0,44.55,Medium,Moderately Secure
3,1,1,1,1,1,0,1,64.06,Low,Highly Secure
14,1,1,1,1,1,1,0,45.55,Medium,Moderately Secure
13,2,0,0,0,1,1,0,40.31,Medium,Moderately Secure
13,2,1,0,1,0,1,0,27.77,High,Privacy Risky
2,2,1,0,1,1,1,1,68.06,Low,Highly Secure
3,3,0,0,0,0,1,0,49.33,Medium,Moderately Secure
5,3,1,0,1,1,1,1,62.95,Low,Highly Secure
9,1,1,1,0,0,0,0,25.19,High,Privacy Risky
6,3,0,0,0,1,1,1,75.79,Low,Highly Secure
8,2,0,0,0,1,0,0,44.99,Medium,Moderately Secure
4,1,1,0,0,1,0,0,37.8,High,Privacy Risky
12,3,0,0,1,1,1,1,60.77,Low,Highly Secure
6,1,0,0,0,1,1,0,64.35,Low,Highly Secure
2,2,0,0,0,1,0,0,60.34,Low,Highly Secure
12,3,1,1,1,0,1,1,33.68,High,Privacy Risky
14,1,0,1,1,0,1,0,34.98,High,Privacy Risky
2,1,1,0,0,1,0,1,60.89,Low,Highly Secure
8,2,1,1,0,1,1,0,37.74,High,Privacy Risky
13,3,1,1,1,1,0,0,19.56,High,Privacy Risky
11,1,1,1,1,1,1,0,45.91,Medium,Moderately Secure
13,2,0,0,1,1,1,0,30.22,High,Privacy Risky
7,2,0,1,1,1,1,0,56.34,Low,Highly Secure
7,1,0,0,0,1,1,1,65.59,Low,Highly Secure
11,3,1,0,1,1,1,1,55.51,Low,Highly Secure
4,3,1,0,0,0,1,0,42.82,Medium,Moderately Secure
5,2,0,1,0,1,0,1,47.72,Medium,Moderately Secure
10,1,1,0,1,0,0,1,55.4,Low,Highly Secure
11,1,1,0,1,1,0,1,65.14,Low,Highly Secure
3,2,0,0,0,1,1,0,63.12,Low,Highly Secure
9,2,0,0,0,1,1,1,48.09,Medium,Moderately Secure
7,2,0,1,1,0,0,0,44.89,Medium,Moderately Secure
9,1,0,0,0,1,0,1,59.3,Low,Highly Secure
15,2,0,0,1,0,1,1,55.54,Low,Highly Secure
3,1,1,0,0,1,1,0,57.98,Low,Highly Secure
15,3,1,0,1,0,0,0,14.33,High,Privacy Risky
8,3,1,0,0,0,1,0,41.66,Medium,Moderately Secure
12,2,0,1,0,1,1,1,37.85,High,Privacy Risky
7,1,1,0,0,1,1,1,53.49,Low,Highly Secure
6,3,0,0,1,0,1,0,44.78,Medium,Moderately Secure
12,1,0,1,1,0,1,0,42.05,Medium,Moderately Secure
11,3,1,1,1,0,1,0,23.02,High,Privacy Risky
4,1,1,0,1,1,1,0,63.19,Low,Highly Secure
11,2,0,0,0,0,1,1,39.89,Medium,Moderately Secure
12,1,0,0,1,0,0,0,56.6,Low,Highly Secure
7,1,1,1,1,0,0,0,51.64,Medium,Moderately Secure
14,3,1,0,1,0,0,1,31.01,High,Privacy Risky
10,3,0,0,1,0,1,0,43.77,Medium,Moderately Secure
6,1,1,1,1,1,0,1,55.34,Low,Highly Secure
2,3,1,0,1,1,1,1,62.65,Low,Highly Secure
11,1,0,0,1,0,0,0,40.98,Medium,Moderately Secure
4,1,1,1,0,1,0,1,47.28,Medium,Moderately Secure
12,1,1,0,1,1,0,1,55.19,Low,Highly Secure
9,2,1,1,0,0,1,1,34.19,High,Privacy Risky
8,1,0,1,1,1,0,0,61.1,Low,Highly Secure
4,2,0,0,0,1,1,0,62.29,Low,Highly Secure
11,1,1,1,1,1,1,0,44.07,Medium,Moderately Secure
4,1,1,1,0,0,1,0,67.09,Low,Highly Secure
7,2,0,1,1,0,0,0,30.55,High,Privacy Risky
13,3,1,0,0,0,1,1,22.69,High,Privacy Risky
14,3,1,0,0,0,1,1,27.56,High,Privacy Risky
15,2,0,0,1,1,0,0,28.29,High,Privacy Risky
15,1,1,1,1,1,0,0,34.28,High,Privacy Risky
9,3,0,0,0,1,1,0,43.48,Medium,Moderately Secure
4,3,0,1,0,1,1,0,52.86,Low,Highly Secure
13,3,0,1,1,1,0,1,29.09,High,Privacy Risky
13,3,0,1,1,0,0,0,26.75,High,Privacy Risky
15,3,1,0,0,0,0,0,9.64,High,Privacy Risky
11,3,0,0,1,0,1,1,39.59,Medium,Moderately Secure
3,2,1,1,0,0,0,0,33.82,High,Privacy Risky
9,2,0,0,1,1,0,0,53.26,Low,Highly Secure
8,1,1,0,0,0,0,0,31.07,High,Privacy Risky
13,1,0,1,0,0,0,1,21.13,High,Privacy Risky
7,3,1,1,0,0,0,0,20.73,High,Privacy Risky
6,3,1,1,1,1,0,1,44.87,Medium,Moderately Secure
3,3,1,1,1,1,1,1,56.23,Low,Highly Secure
13,1,0,0,0,0,1,0,32.89,High,Privacy Risky
12,2,0,0,1,0,0,1,49.21,Medium,Moderately Secure
2,1,0,0,1,0,0,1,74.95,Low,Highly Secure
8,3,0,0,1,1,0,0,58.35,Low,Highly Secure
8,1,0,1,1,0,1,1,67.46,Low,Highly Secure
8,1,1,0,0,1,0,0,47.85,Medium,Moderately Secure
14,2,0,1,0,1,0,0,29.48,High,Privacy Risky
4,3,0,1,1,1,1,1,53.04,Low,Highly Secure
6,3,0,1,0,0,0,0,30.22,High,Privacy Risky
4,1,1,0,0,0,0,0,51.97,Low,Highly Secure
5,1,1,0,0,0,0,0,48.69,Medium,Moderately Secure
14,1,1,1,1,1,0,0,26.01,High,Privacy Risky
15,1,0,1,1,0,1,1,38.33,High,Privacy Risky
2,2,0,0,1,0,1,1,72.23,Low,Highly Secure
10,1,1,0,0,0,0,0,36.15,High,Privacy Risky
5,1,1,1,0,1,0,1,45.26,Medium,Moderately Secure
4,2,0,1,1,1,0,0,64.57,Low,Highly Secure
6,1,0,0,0,0,1,0,53.59,Low,Highly Secure
4,1,0,0,1,1,0,1,62.1,Low,Highly Secure
8,1,1,1,0,1,0,1,44.34,Medium,Moderately Secure
15,1,0,1,0,1,1,0,42.92,Medium,Moderately Secure
10,2,1,1,0,1,0,0,26.66,High,Privacy Risky
12,3,1,0,1,0,0,1,33.72,High,Privacy Risky
8,3,1,0,1,1,0,1,54.89,Low,Highly Secure
2,1,1,1,0,1,1,0,53.45,Low,Highly Secure
3,1,0,1,1,1,1,1,71.25,Low,Highly Secure
5,2,1,1,1,1,1,1,60.87,Low,Highly Secure
5,2,0,0,1,1,0,1,69.93,Low,Highly Secure
13,3,0,0,1,0,1,0,42.32,Medium,Moderately Secure
13,3,0,0,0,1,1,1,42.6,Medium,Moderately Secure
13,2,0,0,1,1,0,1,53.75,Low,Highly Secure
10,1,0,1,1,0,0,1,56.89,Low,Highly Secure
9,1,0,0,0,0,0,0,32.83,High,Privacy Risky
11,1,0,1,0,1,1,0,44.05,Medium,Moderately Secure
7,1,0,1,1,0,0,1,53.79,Low,Highly Secure
11,3,0,1,1,1,0,0,32.01,High,Privacy Risky
13,1,0,1,0,1,1,1,43.94,Medium,Moderately Secure
12,3,1,0,0,1,0,1,32.51,High,Privacy Risky
10,2,0,1,1,0,1,0,42.2,Medium,Moderately Secure
2,2,0,0,0,0,0,1,61.05,Low,Highly Secure
12,2,0,0,0,1,0,1,42.06,Medium,Moderately Secure
7,3,0,0,1,1,1,0,54.33,Low,Highly Secure
12,1,1,0,1,0,1,1,50.49,Medium,Moderately Secure
9,1,1,1,0,0,0,1,44.55,Medium,Moderately Secure
14,2,1,0,0,0,1,0,23.07,High,Privacy Risky
6,2,1,0,0,1,1,1,55.47,Low,Highly Secure
15,2,0,0,0,1,0,0,43.62,Medium,Moderately Secure
13,3,1,0,1,0,1,0,24.77,High,Privacy Risky
6,2,0,1,0,0,0,1,39.74,Medium,Moderately Secure
8,1,1,0,0,0,1,0,27.68,High,Privacy Risky
9,1,0,1,0,1,0,0,48.38,Medium,Moderately Secure
12,3,1,0,1,0,0,0,28.08,High,Privacy Risky
11,1,0,1,1,0,1,1,60.52,Low,Highly Secure
13,2,1,0,1,0,1,0,32.64,High,Privacy Risky
7,2,0,0,0,1,0,1,54.31,Low,Highly Secure
9,3,1,0,1,0,1,0,41.41,Medium,Moderately Secure
8,3,1,1,0,0,0,0,21.55,High,Privacy Risky
14,2,1,1,1,1,1,0,45.45,Medium,Moderately Secure
6,1,0,0,1,0,1,0,58.14,Low,Highly Secure
10,2,0,1,1,0,1,0,48.52,Medium,Moderately Secure
3,2,1,1,0,1,1,1,55.74,Low,Highly Secure
13,1,0,0,1,1,1,0,64.17,Low,Highly Secure
7,2,0,0,1,0,1,1,65.11,Low,Highly Secure
6,1,0,1,1,0,1,1,66.31,Low,Highly Secure
10,2,0,1,0,0,0,1,37.0,High,Privacy Risky
8,3,0,1,1,1,1,0,46.14,Medium,Moderately Secure
13,3,0,0,1,1,1,1,40.76,Medium,Moderately Secure
9,1,1,0,0,1,0,1,44.17,Medium,Moderately Secure
9,3,1,0,1,1,1,1,43.65,Medium,Moderately Secure
3,1,0,0,0,0,1,1,59.75,Low,Highly Secure
2,2,0,1,1,1,0,0,59.43,Low,Highly Secure
7,1,0,0,1,1,0,1,69.59,Low,Highly Secure
15,1,1,0,0,0,0,0,16.55,High,Privacy Risky
14,1,0,0,0,1,1,1,45.14,Medium,Moderately Secure
10,1,1,0,1,1,1,1,55.5,Low,Highly Secure
10,3,1,1,0,1,1,1,43.14,Medium,Moderately Secure
7,1,1,0,0,1,1,0,57.17,Low,Highly Secure
4,2,0,1,0,0,0,0,45.52,Medium,Moderately Secure
2,3,1,0,1,0,1,1,52.97,Low,Highly Secure
6,3,1,0,1,0,0,1,43.98,Medium,Moderately Secure
6,3,1,0,1,1,0,0,37.83,High,Privacy Risky
4,1,1,1,0,1,0,0,40.21,Medium,Moderately Secure
5,3,1,0,0,0,1,0,30.1,High,Privacy Risky
2,2,0,0,1,0,0,1,59.91,Low,Highly Secure
10,1,1,1,1,0,0,0,42.35,Medium,Moderately Secure
14,2,1,1,1,1,0,0,25.36,High,Privacy Risky
11,3,0,0,1,0,0,1,45.37,Medium,Moderately Secure
8,2,0,1,1,0,1,0,58.16,Low,Highly Secure
7,1,1,1,0,0,1,1,47.75,Medium,Moderately Secure
6,3,0,0,0,1,1,0,42.75,Medium,Moderately Secure
3,3,0,1,1,0,1,1,56.2,Low,Highly Secure
10,3,1,0,1,0,1,1,28.17,High,Privacy Risky
9,3,1,0,1,0,1,1,41.48,Medium,Moderately Secure
2,3,1,1,1,0,0,0,26.43,High,Privacy Risky
7,2,0,0,0,0,1,0,46.67,Medium,Moderately Secure
5,1,0,1,0,1,1,0,59.72,Low,Highly Secure
4,2,1,1,1,1,1,1,68.9,Low,Highly Secure
11,1,1,0,1,1,0,0,39.29,Medium,Moderately Secure
9,2,0,0,0,1,0,0,48.19,Medium,Moderately Secure
10,2,0,0,0,1,1,0,52.1,Low,Highly Secure
11,3,0,1,1,0,1,1,33.93,High,Privacy Risky
15,1,1,0,1,1,0,1,36.4,High,Privacy Risky
13,1,0,0,1,0,1,1,47.81,Medium,Moderately Secure
10,3,1,1,0,0,0,1,24.42,High,Privacy Risky
